{
  "device": "cuda",
  "img_size": 448,
  "tta": false,
  "results": [
    {
      "mode": "no_TTA_bs1",
      "batch_size": 1,
      "mean_s": 0.03196150320053101,
      "median_s": 0.028668736457824705,
      "p90_s": 0.030194438362121583,
      "p99_s": 0.0344940617370621,
      "per_image_ms": 31.96150320053101,
      "throughput_img_per_s": 31.28763981236608
    },
    {
      "mode": "no_TTA_bs8",
      "batch_size": 8,
      "mean_s": 0.06587895389556886,
      "median_s": 0.06557700729370117,
      "p90_s": 0.06621220245361328,
      "p99_s": 0.07705201400756839,
      "per_image_ms": 8.234869236946107,
      "throughput_img_per_s": 121.4348365743873
    },
    {
      "mode": "no_TTA_bs32",
      "batch_size": 32,
      "mean_s": 0.1911335923767089,
      "median_s": 0.1894207992553711,
      "p90_s": 0.19182490692138673,
      "p99_s": 0.1954764141845714,
      "per_image_ms": 5.972924761772154,
      "throughput_img_per_s": 167.42216583744514
    }
  ],
  "preprocessing_ms_per_image_CPU": 7.469219194999823
}