{
  "AUC_ROC": {
    "mean": 0.8141487618983552,
    "ci95": [
      0.7992039340568415,
      0.8291956813200162
    ]
  },
  "AP": {
    "mean": 0.6468641648282932,
    "ci95": [
      0.6150561248409528,
      0.6797296029810294
    ]
  },
  "Brier": {
    "mean": 0.17566476051414195,
    "ci95": [
      0.1720530541409396,
      0.179303934859628
    ]
  },
  "Sens@Spec80": {
    "mean": 0.5884571934528057,
    "ci95": [
      0.5422185792343704,
      0.640629566285152
    ]
  }
}